file,line,old,new,context
powerbi/Meridian.SemanticModel/definition/tables/Cohort.tmdl,28,dataType: doublePrecision,dataType: double,dataType: doublePrecision
powerbi/Meridian.SemanticModel/definition/tables/Cohort.tmdl,55,dataType: doublePrecision,dataType: double,dataType: doublePrecision
powerbi/Meridian.SemanticModel/definition/tables/Country.tmdl,46,dataType: doublePrecision,dataType: double,dataType: doublePrecision
powerbi/Meridian.SemanticModel/definition/tables/Country.tmdl,55,dataType: doublePrecision,dataType: double,dataType: doublePrecision
powerbi/Meridian.SemanticModel/definition/tables/Country.tmdl,64,dataType: doublePrecision,dataType: double,dataType: doublePrecision
powerbi/Meridian.SemanticModel/definition/tables/Country.tmdl,73,dataType: doublePrecision,dataType: double,dataType: doublePrecision
powerbi/Meridian.SemanticModel/definition/tables/KPI.tmdl,64,dataType: doublePrecision,dataType: double,dataType: doublePrecision
powerbi/Meridian.SemanticModel/definition/tables/KPI.tmdl,73,dataType: doublePrecision,dataType: double,dataType: doublePrecision
powerbi/Meridian.SemanticModel/definition/tables/KPI.tmdl,82,dataType: doublePrecision,dataType: double,dataType: doublePrecision
powerbi/Meridian.SemanticModel/definition/tables/KPI.tmdl,91,dataType: doublePrecision,dataType: double,dataType: doublePrecision
powerbi/Meridian.SemanticModel/definition/tables/KPI.tmdl,100,dataType: doublePrecision,dataType: double,dataType: doublePrecision
powerbi/Meridian.SemanticModel/definition/tables/Monthly.tmdl,28,dataType: doublePrecision,dataType: double,dataType: doublePrecision
powerbi/Meridian.SemanticModel/definition/tables/Monthly.tmdl,37,dataType: doublePrecision,dataType: double,dataType: doublePrecision
powerbi/Meridian.SemanticModel/definition/tables/Monthly.tmdl,64,dataType: doublePrecision,dataType: double,dataType: doublePrecision
powerbi/Meridian.SemanticModel/definition/tables/Pareto.tmdl,37,dataType: doublePrecision,dataType: double,dataType: doublePrecision
powerbi/Meridian.SemanticModel/definition/tables/Pareto.tmdl,55,dataType: doublePrecision,dataType: double,dataType: doublePrecision
powerbi/Meridian.SemanticModel/definition/tables/Pareto.tmdl,64,dataType: doublePrecision,dataType: double,dataType: doublePrecision
powerbi/Meridian.SemanticModel/definition/tables/RFM.tmdl,55,dataType: doublePrecision,dataType: double,dataType: doublePrecision
powerbi/Meridian.SemanticModel/definition/tables/RFM.tmdl,64,dataType: doublePrecision,dataType: double,dataType: doublePrecision
powerbi/Meridian.SemanticModel/definition/tables/Returns.tmdl,82,dataType: doublePrecision,dataType: double,dataType: doublePrecision
powerbi/Meridian.SemanticModel/definition/tables/Returns.tmdl,91,dataType: doublePrecision,dataType: double,dataType: doublePrecision
scripts/generate_pbip.py,344,doublePrecision,double,"summarize = ""sum"" if dtype == ""doublePrecision"" else ""none"""
scripts/generate_pbip.py,415,doublePrecision,double,"(""gross_sales_gbp"", ""doublePrecision"", ""type number""),"
scripts/generate_pbip.py,416,doublePrecision,double,"(""returns_abs_value"", ""doublePrecision"", ""type number""),"
scripts/generate_pbip.py,417,doublePrecision,double,"(""return_rate_pct"", ""doublePrecision"", ""type number""),"
scripts/generate_pbip.py,418,doublePrecision,double,"(""aov"", ""doublePrecision"", ""type number""),"
scripts/generate_pbip.py,419,doublePrecision,double,"(""guest_checkout_pct"", ""doublePrecision"", ""type number""),"
scripts/generate_pbip.py,437,doublePrecision,double,"(""sales"", ""doublePrecision"", ""type number""),"
scripts/generate_pbip.py,438,doublePrecision,double,"(""returns_abs"", ""doublePrecision"", ""type number""),"
scripts/generate_pbip.py,441,doublePrecision,double,"(""aov"", ""doublePrecision"", ""type number""),"
scripts/generate_pbip.py,456,doublePrecision,double,"(""sales"", ""doublePrecision"", ""type number""),"
scripts/generate_pbip.py,457,doublePrecision,double,"(""returns_abs"", ""doublePrecision"", ""type number""),"
scripts/generate_pbip.py,458,doublePrecision,double,"(""return_rate_pct"", ""doublePrecision"", ""type number""),"
scripts/generate_pbip.py,459,doublePrecision,double,"(""aov"", ""doublePrecision"", ""type number""),"
scripts/generate_pbip.py,475,doublePrecision,double,"(""monetary"", ""doublePrecision"", ""type number""),"
scripts/generate_pbip.py,476,doublePrecision,double,"(""returns_abs"", ""doublePrecision"", ""type number""),"
scripts/generate_pbip.py,494,doublePrecision,double,"(""month_number"", ""doublePrecision"", ""type number""),"
scripts/generate_pbip.py,497,doublePrecision,double,"(""retention_pct"", ""doublePrecision"", ""type number""),"
scripts/generate_pbip.py,510,doublePrecision,double,"(""sales"", ""doublePrecision"", ""type number""),"
scripts/generate_pbip.py,512,doublePrecision,double,"(""pct_of_sales"", ""doublePrecision"", ""type number""),"
scripts/generate_pbip.py,513,doublePrecision,double,"(""cumulative_pct"", ""doublePrecision"", ""type number""),"
scripts/generate_pbip.py,532,doublePrecision,double,"(""unit_price"", ""doublePrecision"", ""type number""),"
scripts/generate_pbip.py,533,doublePrecision,double,"(""return_value"", ""doublePrecision"", ""type number""),"
