country,line_count,customers
Australia,1912,15
Austria,938,13
Bahrain,126,2
Belgium,3122,29
Bermuda,34,0
Brazil,94,2
Canada,228,5
Channel Islands,1663,14
Cyprus,1157,11
Czech Republic,30,1
Denmark,817,12
EIRE,17844,5
European Community,61,1
Finland,1049,15
France,14296,95
Germany,17600,107
Greece,663,5
Hong Kong,360,0
Iceland,253,1
Israel,368,4
Italy,1532,17
Japan,582,10
Korea,63,2
Lebanon,58,1
Lithuania,189,1
Malta,299,2
Netherlands,5139,23
Nigeria,32,1
Norway,1455,13
Poland,535,6
Portugal,2608,24
RSA,169,2
Saudi Arabia,10,1
Singapore,346,1
Spain,3799,41
Sweden,1362,19
Switzerland,3181,22
Thailand,76,1
USA,535,9
United Arab Emirates,500,4
United Kingdom,969347,5410
Unspecified,752,7
West Indies,54,1
