cohort_month,month_number,active_customers,cohort_customers,retention_pct
2009-12,0.0,955,955,100.0
2009-12,1.0,337,955,35.29
2009-12,2.0,319,955,33.4
2009-12,3.0,406,955,42.51
2009-12,4.0,363,955,38.01
2009-12,5.0,343,955,35.92
2009-12,6.0,360,955,37.7
2009-12,7.0,327,955,34.24
2009-12,8.0,321,955,33.61
2009-12,9.0,346,955,36.23
2009-12,10.0,403,955,42.2
2009-12,11.0,473,955,49.53
2009-12,12.0,359,955,37.59
2010-01,0.0,383,383,100.0
2010-01,1.0,79,383,20.63
2010-01,2.0,119,383,31.07
2010-01,3.0,117,383,30.55
2010-01,4.0,101,383,26.37
2010-01,5.0,115,383,30.03
2010-01,6.0,99,383,25.85
2010-01,7.0,88,383,22.98
2010-01,8.0,107,383,27.94
2010-01,9.0,122,383,31.85
2010-01,10.0,116,383,30.29
2010-01,11.0,66,383,17.23
2010-01,12.0,85,383,22.19
2010-02,0.0,376,376,100.0
2010-02,1.0,89,376,23.67
2010-02,2.0,84,376,22.34
2010-02,3.0,109,376,28.99
2010-02,4.0,92,376,24.47
2010-02,5.0,75,376,19.95
2010-02,6.0,72,376,19.15
2010-02,7.0,107,376,28.46
2010-02,8.0,95,376,25.27
2010-02,9.0,103,376,27.39
2010-02,10.0,43,376,11.44
2010-02,11.0,47,376,12.5
2010-02,12.0,57,376,15.16
2010-03,0.0,443,443,100.0
2010-03,1.0,84,443,18.96
2010-03,2.0,102,443,23.02
2010-03,3.0,107,443,24.15
2010-03,4.0,103,443,23.25
2010-03,5.0,90,443,20.32
2010-03,6.0,109,443,24.6
2010-03,7.0,134,443,30.25
2010-03,8.0,122,443,27.54
2010-03,9.0,48,443,10.84
2010-03,10.0,51,443,11.51
2010-03,11.0,63,443,14.22
2010-03,12.0,89,443,20.09
2010-04,0.0,294,294,100.0
2010-04,1.0,57,294,19.39
2010-04,2.0,57,294,19.39
2010-04,3.0,48,294,16.33
2010-04,4.0,54,294,18.37
2010-04,5.0,66,294,22.45
2010-04,6.0,81,294,27.55
2010-04,7.0,77,294,26.19
2010-04,8.0,31,294,10.54
2010-04,9.0,32,294,10.88
2010-04,10.0,22,294,7.48
2010-04,11.0,41,294,13.95
2010-04,12.0,41,294,13.95
2010-05,0.0,254,254,100.0
2010-05,1.0,40,254,15.75
2010-05,2.0,43,254,16.93
2010-05,3.0,44,254,17.32
2010-05,4.0,45,254,17.72
2010-05,5.0,65,254,25.59
2010-05,6.0,54,254,21.26
2010-05,7.0,32,254,12.6
2010-05,8.0,15,254,5.91
2010-05,9.0,21,254,8.27
2010-05,10.0,29,254,11.42
2010-05,11.0,34,254,13.39
2010-05,12.0,39,254,15.35
2010-06,0.0,270,270,100.0
2010-06,1.0,47,270,17.41
2010-06,2.0,51,270,18.89
2010-06,3.0,55,270,20.37
2010-06,4.0,62,270,22.96
2010-06,5.0,77,270,28.52
2010-06,6.0,34,270,12.59
2010-06,7.0,24,270,8.89
2010-06,8.0,22,270,8.15
2010-06,9.0,32,270,11.85
2010-06,10.0,29,270,10.74
2010-06,11.0,37,270,13.7
2010-06,12.0,40,270,14.81
2010-07,0.0,186,186,100.0
2010-07,1.0,29,186,15.59
2010-07,2.0,34,186,18.28
2010-07,3.0,55,186,29.57
2010-07,4.0,54,186,29.03
2010-07,5.0,26,186,13.98
2010-07,6.0,21,186,11.29
2010-07,7.0,27,186,14.52
2010-07,8.0,27,186,14.52
2010-07,9.0,21,186,11.29
2010-07,10.0,25,186,13.44
2010-07,11.0,27,186,14.52
2010-07,12.0,25,186,13.44
2010-08,0.0,162,162,100.0
2010-08,1.0,33,162,20.37
2010-08,2.0,48,162,29.63
2010-08,3.0,52,162,32.1
2010-08,4.0,28,162,17.28
2010-08,5.0,19,162,11.73
2010-08,6.0,16,162,9.88
2010-08,7.0,20,162,12.35
2010-08,8.0,22,162,13.58
2010-08,9.0,21,162,12.96
2010-08,10.0,21,162,12.96
2010-08,11.0,20,162,12.35
2010-08,12.0,25,162,15.43
2010-09,0.0,243,243,100.0
2010-09,1.0,55,243,22.63
2010-09,2.0,57,243,23.46
2010-09,3.0,30,243,12.35
2010-09,4.0,22,243,9.05
2010-09,5.0,25,243,10.29
2010-09,6.0,33,243,13.58
2010-09,7.0,24,243,9.88
2010-09,8.0,31,243,12.76
2010-09,9.0,32,243,13.17
2010-09,10.0,28,243,11.52
2010-09,11.0,24,243,9.88
2010-09,12.0,53,243,21.81
2010-10,0.0,377,377,100.0
2010-10,1.0,97,377,25.73
2010-10,2.0,55,377,14.59
2010-10,3.0,47,377,12.47
2010-10,4.0,33,377,8.75
2010-10,5.0,31,377,8.22
2010-10,6.0,49,377,13.0
2010-10,7.0,52,377,13.79
2010-10,8.0,40,377,10.61
2010-10,9.0,35,377,9.28
2010-10,10.0,40,377,10.61
2010-10,11.0,49,377,13.0
2010-10,12.0,72,377,19.1
2010-11,0.0,325,325,100.0
2010-11,1.0,57,325,17.54
2010-11,2.0,30,325,9.23
2010-11,3.0,31,325,9.54
2010-11,4.0,25,325,7.69
2010-11,5.0,28,325,8.62
2010-11,6.0,42,325,12.92
2010-11,7.0,32,325,9.85
2010-11,8.0,28,325,8.62
2010-11,9.0,29,325,8.92
2010-11,10.0,36,325,11.08
2010-11,11.0,47,325,14.46
2010-11,12.0,83,325,25.54
2010-12,0.0,76,76,100.0
2010-12,1.0,7,76,9.21
2010-12,2.0,4,76,5.26
2010-12,3.0,7,76,9.21
2010-12,4.0,9,76,11.84
2010-12,5.0,5,76,6.58
2010-12,6.0,4,76,5.26
2010-12,7.0,7,76,9.21
2010-12,8.0,4,76,5.26
2010-12,9.0,2,76,2.63
2010-12,10.0,7,76,9.21
2010-12,11.0,15,76,19.74
2010-12,12.0,2,76,2.63
2011-01,0.0,71,71,100.0
2011-01,1.0,12,71,16.9
2011-01,2.0,15,71,21.13
2011-01,3.0,14,71,19.72
2011-01,4.0,15,71,21.13
2011-01,5.0,11,71,15.49
2011-01,6.0,11,71,15.49
2011-01,7.0,9,71,12.68
2011-01,8.0,8,71,11.27
2011-01,9.0,15,71,21.13
2011-01,10.0,18,71,25.35
2011-01,11.0,8,71,11.27
2011-02,0.0,124,124,100.0
2011-02,1.0,20,124,16.13
2011-02,2.0,19,124,15.32
2011-02,3.0,23,124,18.55
2011-02,4.0,27,124,21.77
2011-02,5.0,19,124,15.32
2011-02,6.0,19,124,15.32
2011-02,7.0,18,124,14.52
2011-02,8.0,18,124,14.52
2011-02,9.0,22,124,17.74
2011-02,10.0,7,124,5.65
2011-03,0.0,179,179,100.0
2011-03,1.0,33,179,18.44
2011-03,2.0,39,179,21.79
2011-03,3.0,36,179,20.11
2011-03,4.0,40,179,22.35
2011-03,5.0,27,179,15.08
2011-03,6.0,37,179,20.67
2011-03,7.0,36,179,20.11
2011-03,8.0,43,179,24.02
2011-03,9.0,17,179,9.5
2011-04,0.0,106,106,100.0
2011-04,1.0,27,106,25.47
2011-04,2.0,21,106,19.81
2011-04,3.0,21,106,19.81
2011-04,4.0,19,106,17.92
2011-04,5.0,25,106,23.58
2011-04,6.0,19,106,17.92
2011-04,7.0,27,106,25.47
2011-04,8.0,12,106,11.32
2011-05,0.0,111,111,100.0
2011-05,1.0,26,111,23.42
2011-05,2.0,27,111,24.32
2011-05,3.0,18,111,16.22
2011-05,4.0,24,111,21.62
2011-05,5.0,23,111,20.72
2011-05,6.0,29,111,26.13
2011-05,7.0,13,111,11.71
2011-06,0.0,108,108,100.0
2011-06,1.0,25,108,23.15
2011-06,2.0,23,108,21.3
2011-06,3.0,29,108,26.85
2011-06,4.0,22,108,20.37
2011-06,5.0,31,108,28.7
2011-06,6.0,9,108,8.33
2011-07,0.0,102,102,100.0
2011-07,1.0,22,102,21.57
2011-07,2.0,31,102,30.39
2011-07,3.0,28,102,27.45
2011-07,4.0,35,102,34.31
2011-07,5.0,16,102,15.69
2011-08,0.0,106,106,100.0
2011-08,1.0,29,106,27.36
2011-08,2.0,33,106,31.13
2011-08,3.0,28,106,26.42
2011-08,4.0,18,106,16.98
2011-09,0.0,189,189,100.0
2011-09,1.0,51,189,26.98
2011-09,2.0,71,189,37.57
2011-09,3.0,28,189,14.81
2011-10,0.0,221,221,100.0
2011-10,1.0,71,221,32.13
2011-10,2.0,35,221,15.84
2011-11,0.0,192,192,100.0
2011-11,1.0,27,192,14.06
2011-12,0.0,28,28,100.0
