country,customers,invoices,sales,returns_abs,return_rate_pct,aov
United Kingdom,5410,49108,17655379.79,1327305.98,7.52,359.52
EIRE,5,806,664050.09,48821.03,7.35,823.88
Netherlands,23,250,554230.69,5707.39,1.03,2216.92
Germany,107,1095,430703.79,13273.9,3.08,393.34
France,95,746,356746.51,28749.85,8.06,478.21
Australia,15,117,169900.61,2839.04,1.67,1452.14
Spain,41,188,109127.21,17319.05,15.87,580.46
Switzerland,22,123,100988.99,1282.53,1.27,821.05
Sweden,19,129,91869.82,4094.3,4.46,712.17
Denmark,12,53,69862.19,4121.1,5.9,1318.15
Belgium,29,183,65733.92,2178.93,3.31,359.2
Norway,13,53,60109.62,20866.59,34.71,1134.14
Portugal,24,124,57948.05,4879.85,8.42,467.32
Japan,10,56,47138.39,3361.81,7.13,841.76
Channel Islands,14,79,44986.86,3543.15,7.88,569.45
Italy,17,92,32535.97,1871.07,5.75,353.65
Finland,15,68,29925.54,411.09,1.37,440.08
Singapore,1,14,25317.06,12158.9,48.03,1808.36
Cyprus,11,45,24849.95,817.39,3.29,552.22
Hong Kong,0,21,23685.52,9855.02,41.61,1127.88
Austria,13,51,23613.01,435.41,1.84,463.0
Greece,5,21,19096.19,100.7,0.53,909.34
Israel,4,11,11328.81,227.44,2.01,1029.89
United Arab Emirates,4,22,11097.63,1148.98,10.35,504.44
Unspecified,7,28,10927.16,1248.69,11.43,390.26
Poland,6,38,10902.45,374.36,3.43,286.91
USA,9,25,8366.86,2080.32,24.86,334.67
Malta,2,16,8099.09,2906.87,35.89,506.19
Lithuania,1,6,6553.74,0.0,0.0,1092.29
Iceland,1,8,5633.32,0.0,0.0,704.16
Canada,5,8,4883.04,0.0,0.0,610.38
RSA,2,5,4804.32,1435.29,29.87,960.86
Bahrain,2,12,3109.79,248.24,7.98,259.15
Thailand,1,2,3070.54,0.0,0.0,1535.27
Lebanon,1,3,1905.58,39.67,2.08,635.19
Brazil,2,2,1411.87,0.0,0.0,705.93
European Community,1,5,1300.25,8.5,0.65,260.05
Bermuda,0,1,1253.14,0.0,0.0,1253.14
Korea,2,3,1118.51,168.69,15.08,372.84
Czech Republic,1,5,826.74,119.02,14.4,165.35
West Indies,1,1,536.41,0.0,0.0,536.41
Saudi Arabia,1,2,145.92,14.75,10.11,72.96
Nigeria,1,3,140.39,147.05,104.74,46.8
