invoice_month,sales,returns_abs,invoices,customers,aov
2009-12,822483.95,25835.45,2330,1045,353.0
2010-01,651155.112,28675.61,1633,786,398.75
2010-02,551504.726,20986.5,1969,807,280.09
2010-03,830915.261,67668.02,2367,1111,351.04
2010-04,625280.892,37354.2,1892,998,330.49
2010-05,657705.5,44434.78,2418,1062,272.0
2010-06,749537.31,72463.44,2216,1095,338.24
2010-07,604778.48,31444.79,2017,988,299.84
2010-08,695251.91,40477.52,1877,964,370.41
2010-09,921696.991,70591.03,2375,1202,388.08
2010-10,1122976.35,81290.74,2965,1577,378.74
2010-11,1464293.142,47595.94,3669,1683,399.1
2010-12,1259083.75,136093.32,2025,948,621.77
2011-01,689811.61,131363.05000000002,1476,783,467.35
2011-02,522545.56,25519.15,1393,798,375.12
2011-03,716215.26,34201.28,1983,1020,361.18
2011-04,536968.491,44600.65,1744,899,307.89
2011-05,769296.61,47202.51,2162,1079,355.83
2011-06,760547.01,70569.78,2012,1051,378.01
2011-07,718076.121,37919.13,1927,993,372.64
2011-08,735717.26,54330.8,1737,980,423.56
2011-09,1056435.192,38838.51,2327,1302,453.99
2011-10,1151263.73,81895.5,2637,1425,436.58
2011-11,1503866.78,47720.98,3462,1711,434.39
2011-12,637808.33,205089.27000000002,1015,686,628.38
